file	key	line_before
asl_gloss.yml	backup_cfe9e6cf	637
asl_gloss.yml	treasure_shop_4b968fbd	638
asl_gloss.yml	text_e096c9a4	639
asl_gloss.yml	inventoryclickevent_fired_8520aa1c	640
asl_gloss.yml	items_current_0629a198	641
asl_gloss.yml	cursor_7fabae3f	642
asl_gloss.yml	return_whoclicked_is_not_pla_a7675648	643
asl_gloss.yml	return_topinventory_is_not_m_9936e6de	644
asl_gloss.yml	return_not_result_slot_expec_9eb8c2c8	645
asl_gloss.yml	shift_53e51de9	646
asl_gloss.yml	return_topinventory_is_merch_fa2f5d98	647
asl_gloss.yml	merchant_view_title_daf2a73a	648
asl_gloss.yml	treasure_shop_2574a694	649
asl_gloss.yml	return_not_treasure_shop_tit_8e65ad3d	650
asl_gloss.yml	return_current_item_is_null_0f27c9fd	651
asl_gloss.yml	return_current_item_is_air_76b5e623	652
asl_gloss.yml	return_current_item_is_not_g_d1d65218	653
asl_gloss.yml	return_game_is_not_running_048d7edb	654
asl_gloss.yml	ingredients_snapshot_98cb38c3	655
asl_gloss.yml	return_ingredient_check_fail_673860d5	656
asl_gloss.yml	ok_passed_all_checks_schedul_11e17905	657
asl_gloss.yml	run_runtasklater_executed_96d7e049	658
asl_gloss.yml	return_later_game_is_not_run_9cc569aa	659
asl_gloss.yml	return_later_player_is_offli_863a8cdc	660
asl_gloss.yml	return_later_openinventory_t_7b809b57	661
asl_gloss.yml	return_later_topinventory_is_f8714cf5	662
asl_gloss.yml	return_later_not_treasure_sh_fcce2bb9	664
asl_gloss.yml	ok_later_playing_effects_now_b80a2e0e	665
asl_gloss.yml	k_llun_r_dj_pinu_16494877	666
asl_gloss.yml	trade_complete_4a4b1d6f	667
asl_gloss.yml	a_hidden_power_awakens_7620bc4d	668
asl_gloss.yml	mobcontrol_wolf_allowed_cust_a5459084	669
asl_gloss.yml	rainbow_wolf_b3cc6257	670
asl_gloss.yml	mobcontrol_wolf_allowed_name_9cc5a59a	671
asl_gloss.yml	mobcontrol_wolf_cancelled_re_1a3b2e1a	672
asl_gloss.yml	stagemobcontrollistener_refl_08ad690a	673
asl_gloss.yml	stagemobcontrollistener_refl_d8a61972	674
asl_gloss.yml	mysql_connection_established_47452dfd	675
asl_gloss.yml	failed_to_connect_to_mysql_95e4d50a	676
asl_gloss.yml	create_table_if_not_exists_p_136a7833	677
asl_gloss.yml	player_name_varchar_50_prima_79b8331b	678
asl_gloss.yml	count_int_not_null_660eadd8	679
asl_gloss.yml	failed_to_create_table_68199f98	680
asl_gloss.yml	reset_treasure_count_for_pla_96b152d2	681
asl_gloss.yml	dj_onalltreasurescollected_a871afdd	682
asl_gloss.yml	on_duplicate_key_update_coun_a1543779	683
asl_gloss.yml	failed_to_save_treasure_coun_9d94c0cc	684
asl_gloss.yml	dj_triggerultimatedjevent_eb01ecae	685
asl_gloss.yml	treasure_complete_8360fbe9	686
asl_gloss.yml	text_cc353737	687
asl_gloss.yml	congratulations_38fd1594	688
asl_gloss.yml	time_s_up_c5b3ef74	689
asl_gloss.yml	treasures_collected_ca7eab31	690
asl_gloss.yml	try_a_different_route_next_t_721a4d8b	691
asl_gloss.yml	treasurerun_favorites_templa_a0a4bf2e	751
asl_gloss.yml	mysql_repository_not_ready_72df0af1	752
asl_gloss.yml	favorite_saved_sneak_rightcl_7a73eb4f	753
asl_gloss.yml	where_player_uuid_and_quote__36106f85	755
asl_gloss.yml	player_uuid_quote_hash_outco_49f06b31	757
asl_gloss.yml	values_643f4d2f	758
asl_gloss.yml	where_player_uuid_and_quote__81bcaee5	760
asl_gloss.yml	where_player_uuid_and_id_f4a80773	762
asl_gloss.yml	where_player_uuid_53558ea9	764
asl_gloss.yml	order_by_created_at_desc_lim_f22988c0	765
asl_gloss.yml	where_player_uuid_ef617232	767
asl_gloss.yml	treasurerun_favorites_0c778ce1	769
asl_gloss.yml	no_text_b87d9ee6	770
asl_gloss.yml	text_2bf42ec8	772
asl_gloss.yml	3_3d5021f7	774
asl_gloss.yml	text_e096c9a4	775
asl_gloss.yml	3_71b78a44	776
asl_gloss.yml	text_3030fd61	777
asl_gloss.yml	op_10caf0f6	778
asl_gloss.yml	debug_mode_is_off_config_yml_b3d27428	779
asl_gloss.yml	1_3_rank_1_2_3_7f459bd0	782
asl_gloss.yml	db_e5d54fbd	783
asl_gloss.yml	debug_rank_3f69f429	784
asl_gloss.yml	text_bed3daf7	785
asl_gloss.yml	treasurerun_bcef4fe9	786
asl_gloss.yml	text_287fa0f1	787
asl_gloss.yml	text_44a99db9	788
asl_gloss.yml	text_fd02f248	789
asl_gloss.yml	text_f166cc04	790
asl_gloss.yml	text_2281b097	791
asl_gloss.yml	mysql_repository_not_ready_72df0af1	792
asl_gloss.yml	success_normal_en_the_obstac_b627a544	800
asl_gloss.yml	time_up_bc0cd646	801
asl_gloss.yml	istreasureemerald_fb6fecec	803
asl_gloss.yml	chestsound_start_called_16th_e2a7414b	804
asl_gloss.yml	chestsound_chests_0_82465b3c	805
asl_gloss.yml	chestsound_d_1fm_s_t_2f_step_6e3e0fdb	806
asl_gloss.yml	chestsound_nearest_1fm_s_t_2_e2465135	807
asl_gloss.yml	reward_giverankrewardwitheff_5e361189	808
asl_gloss.yml	starttheme_startgame_called__9cf42cbe	809
asl_gloss.yml	text_7567bb35	811
asl_gloss.yml	text_7a04254b	812
asl_gloss.yml	text_e8d4013d	813
asl_gloss.yml	text_e42912c7	814
asl_gloss.yml	text_c89dea57	815
de.yml	backup_cfe9e6cf	624
de.yml	treasure_shop_4b968fbd	625
de.yml	text_e096c9a4	626
de.yml	inventoryclickevent_fired_8520aa1c	627
de.yml	items_current_0629a198	628
de.yml	cursor_7fabae3f	629
de.yml	return_whoclicked_is_not_pla_a7675648	630
de.yml	return_topinventory_is_not_m_9936e6de	631
de.yml	return_not_result_slot_expec_9eb8c2c8	632
de.yml	shift_53e51de9	633
de.yml	return_topinventory_is_merch_fa2f5d98	634
de.yml	merchant_view_title_daf2a73a	635
de.yml	treasure_shop_2574a694	636
de.yml	return_not_treasure_shop_tit_8e65ad3d	637
de.yml	return_current_item_is_null_0f27c9fd	638
de.yml	return_current_item_is_air_76b5e623	639
de.yml	return_current_item_is_not_g_d1d65218	640
de.yml	return_game_is_not_running_048d7edb	641
de.yml	ingredients_snapshot_98cb38c3	642
de.yml	return_ingredient_check_fail_673860d5	643
de.yml	ok_passed_all_checks_schedul_11e17905	644
de.yml	run_runtasklater_executed_96d7e049	645
de.yml	return_later_game_is_not_run_9cc569aa	646
de.yml	return_later_player_is_offli_863a8cdc	647
de.yml	return_later_openinventory_t_7b809b57	648
de.yml	return_later_topinventory_is_f8714cf5	649
de.yml	return_later_not_treasure_sh_fcce2bb9	651
de.yml	ok_later_playing_effects_now_b80a2e0e	652
de.yml	k_llun_r_dj_pinu_16494877	653
de.yml	trade_complete_4a4b1d6f	654
de.yml	a_hidden_power_awakens_7620bc4d	655
de.yml	mobcontrol_wolf_allowed_cust_a5459084	656
de.yml	rainbow_wolf_b3cc6257	657
de.yml	mobcontrol_wolf_allowed_name_9cc5a59a	658
de.yml	mobcontrol_wolf_cancelled_re_1a3b2e1a	659
de.yml	stagemobcontrollistener_refl_08ad690a	660
de.yml	stagemobcontrollistener_refl_d8a61972	661
de.yml	mysql_connection_established_47452dfd	662
de.yml	failed_to_connect_to_mysql_95e4d50a	663
de.yml	create_table_if_not_exists_p_136a7833	664
de.yml	player_name_varchar_50_prima_79b8331b	665
de.yml	count_int_not_null_660eadd8	666
de.yml	failed_to_create_table_68199f98	667
de.yml	reset_treasure_count_for_pla_96b152d2	668
de.yml	dj_onalltreasurescollected_a871afdd	669
de.yml	on_duplicate_key_update_coun_a1543779	670
de.yml	failed_to_save_treasure_coun_9d94c0cc	671
de.yml	dj_triggerultimatedjevent_eb01ecae	672
de.yml	treasure_complete_8360fbe9	673
de.yml	text_cc353737	674
de.yml	congratulations_38fd1594	675
de.yml	time_s_up_c5b3ef74	676
de.yml	treasures_collected_ca7eab31	677
de.yml	try_a_different_route_next_t_721a4d8b	678
de.yml	treasurerun_favorites_templa_a0a4bf2e	737
de.yml	mysql_repository_not_ready_72df0af1	738
de.yml	favorite_saved_sneak_rightcl_7a73eb4f	739
de.yml	where_player_uuid_and_quote__36106f85	741
de.yml	player_uuid_quote_hash_outco_49f06b31	743
de.yml	values_643f4d2f	744
de.yml	where_player_uuid_and_quote__81bcaee5	746
de.yml	where_player_uuid_and_id_f4a80773	748
de.yml	where_player_uuid_53558ea9	750
de.yml	order_by_created_at_desc_lim_f22988c0	751
de.yml	where_player_uuid_ef617232	753
de.yml	treasurerun_favorites_0c778ce1	755
de.yml	no_text_b87d9ee6	756
de.yml	text_2bf42ec8	758
de.yml	3_3d5021f7	760
de.yml	text_e096c9a4	761
de.yml	3_71b78a44	762
de.yml	text_3030fd61	763
de.yml	op_10caf0f6	764
de.yml	debug_mode_is_off_config_yml_b3d27428	765
de.yml	1_3_rank_1_2_3_7f459bd0	768
de.yml	db_e5d54fbd	769
de.yml	debug_rank_3f69f429	770
de.yml	text_bed3daf7	771
de.yml	treasurerun_bcef4fe9	772
de.yml	text_287fa0f1	773
de.yml	text_44a99db9	774
de.yml	text_fd02f248	775
de.yml	text_f166cc04	776
de.yml	text_2281b097	777
de.yml	mysql_repository_not_ready_72df0af1	778
de.yml	success_normal_en_the_obstac_b627a544	786
de.yml	time_up_bc0cd646	787
de.yml	istreasureemerald_fb6fecec	789
de.yml	chestsound_start_called_16th_e2a7414b	790
de.yml	chestsound_chests_0_82465b3c	791
de.yml	chestsound_d_1fm_s_t_2f_step_6e3e0fdb	792
de.yml	chestsound_nearest_1fm_s_t_2_e2465135	793
de.yml	reward_giverankrewardwitheff_5e361189	794
de.yml	starttheme_startgame_called__9cf42cbe	795
de.yml	text_7567bb35	797
de.yml	text_7a04254b	798
de.yml	text_e8d4013d	799
de.yml	text_e42912c7	800
de.yml	text_c89dea57	801
en.yml	backup_cfe9e6cf	610
en.yml	treasure_shop_4b968fbd	611
en.yml	text_e096c9a4	612
en.yml	inventoryclickevent_fired_8520aa1c	613
en.yml	items_current_0629a198	614
en.yml	cursor_7fabae3f	615
en.yml	return_whoclicked_is_not_pla_a7675648	616
en.yml	return_topinventory_is_not_m_9936e6de	617
en.yml	return_not_result_slot_expec_9eb8c2c8	618
en.yml	shift_53e51de9	620
en.yml	return_topinventory_is_merch_fa2f5d98	621
en.yml	merchant_view_title_daf2a73a	623
en.yml	treasure_shop_2574a694	624
en.yml	return_not_treasure_shop_tit_8e65ad3d	625
en.yml	return_current_item_is_null_0f27c9fd	626
en.yml	return_current_item_is_air_76b5e623	627
en.yml	return_current_item_is_not_g_d1d65218	628
en.yml	return_game_is_not_running_048d7edb	630
en.yml	ingredients_snapshot_98cb38c3	631
en.yml	return_ingredient_check_fail_673860d5	632
en.yml	ok_passed_all_checks_schedul_11e17905	634
en.yml	run_runtasklater_executed_96d7e049	636
en.yml	return_later_game_is_not_run_9cc569aa	637
en.yml	return_later_player_is_offli_863a8cdc	638
en.yml	return_later_openinventory_t_7b809b57	639
en.yml	return_later_topinventory_is_f8714cf5	641
en.yml	return_later_not_treasure_sh_fcce2bb9	644
en.yml	ok_later_playing_effects_now_b80a2e0e	646
en.yml	k_llun_r_dj_pinu_16494877	647
en.yml	trade_complete_4a4b1d6f	648
en.yml	a_hidden_power_awakens_7620bc4d	649
en.yml	mobcontrol_wolf_allowed_cust_a5459084	650
en.yml	rainbow_wolf_b3cc6257	651
en.yml	mobcontrol_wolf_allowed_name_9cc5a59a	652
en.yml	mobcontrol_wolf_cancelled_re_1a3b2e1a	654
en.yml	stagemobcontrollistener_refl_08ad690a	655
en.yml	stagemobcontrollistener_refl_d8a61972	656
en.yml	mysql_connection_established_47452dfd	657
en.yml	failed_to_connect_to_mysql_95e4d50a	658
en.yml	create_table_if_not_exists_p_136a7833	659
en.yml	player_name_varchar_50_prima_79b8331b	661
en.yml	count_int_not_null_660eadd8	662
en.yml	failed_to_create_table_68199f98	663
en.yml	reset_treasure_count_for_pla_96b152d2	664
en.yml	dj_onalltreasurescollected_a871afdd	665
en.yml	on_duplicate_key_update_coun_a1543779	667
en.yml	failed_to_save_treasure_coun_9d94c0cc	668
en.yml	dj_triggerultimatedjevent_eb01ecae	669
en.yml	treasure_complete_8360fbe9	670
en.yml	text_cc353737	671
en.yml	congratulations_38fd1594	672
en.yml	time_s_up_c5b3ef74	673
en.yml	treasures_collected_ca7eab31	674
en.yml	try_a_different_route_next_t_721a4d8b	675
en.yml	treasurerun_favorites_templa_a0a4bf2e	735
en.yml	mysql_repository_not_ready_72df0af1	737
en.yml	favorite_saved_sneak_rightcl_7a73eb4f	738
en.yml	where_player_uuid_and_quote__36106f85	740
en.yml	player_uuid_quote_hash_outco_49f06b31	743
en.yml	values_643f4d2f	745
en.yml	where_player_uuid_and_quote__81bcaee5	747
en.yml	where_player_uuid_and_id_f4a80773	749
en.yml	where_player_uuid_53558ea9	752
en.yml	order_by_created_at_desc_lim_f22988c0	753
en.yml	where_player_uuid_ef617232	755
en.yml	treasurerun_favorites_0c778ce1	757
en.yml	no_text_b87d9ee6	758
en.yml	text_2bf42ec8	760
en.yml	3_3d5021f7	762
en.yml	text_e096c9a4	763
en.yml	3_71b78a44	764
en.yml	text_3030fd61	765
en.yml	op_10caf0f6	766
en.yml	debug_mode_is_off_config_yml_b3d27428	767
en.yml	1_3_rank_1_2_3_7f459bd0	771
en.yml	db_e5d54fbd	772
en.yml	debug_rank_3f69f429	773
en.yml	text_bed3daf7	774
en.yml	treasurerun_bcef4fe9	775
en.yml	text_287fa0f1	776
en.yml	text_44a99db9	777
en.yml	text_fd02f248	778
en.yml	text_f166cc04	779
en.yml	text_2281b097	780
en.yml	mysql_repository_not_ready_72df0af1	781
en.yml	success_normal_en_the_obstac_b627a544	794
en.yml	time_up_bc0cd646	796
en.yml	istreasureemerald_fb6fecec	798
en.yml	chestsound_start_called_16th_e2a7414b	799
en.yml	chestsound_chests_0_82465b3c	801
en.yml	chestsound_d_1fm_s_t_2f_step_6e3e0fdb	802
en.yml	chestsound_nearest_1fm_s_t_2_e2465135	804
en.yml	reward_giverankrewardwitheff_5e361189	805
en.yml	starttheme_startgame_called__9cf42cbe	807
en.yml	text_7567bb35	809
en.yml	text_7a04254b	810
en.yml	text_e8d4013d	811
en.yml	text_e42912c7	812
en.yml	text_c89dea57	813
es.yml	backup_cfe9e6cf	645
es.yml	treasure_shop_4b968fbd	646
es.yml	text_e096c9a4	647
es.yml	inventoryclickevent_fired_8520aa1c	648
es.yml	items_current_0629a198	649
es.yml	cursor_7fabae3f	650
es.yml	return_whoclicked_is_not_pla_a7675648	651
es.yml	return_topinventory_is_not_m_9936e6de	652
es.yml	return_not_result_slot_expec_9eb8c2c8	653
es.yml	shift_53e51de9	654
es.yml	return_topinventory_is_merch_fa2f5d98	655
es.yml	merchant_view_title_daf2a73a	656
es.yml	treasure_shop_2574a694	657
es.yml	return_not_treasure_shop_tit_8e65ad3d	658
es.yml	return_current_item_is_null_0f27c9fd	659
es.yml	return_current_item_is_air_76b5e623	660
es.yml	return_current_item_is_not_g_d1d65218	661
es.yml	return_game_is_not_running_048d7edb	662
es.yml	ingredients_snapshot_98cb38c3	663
es.yml	return_ingredient_check_fail_673860d5	664
es.yml	ok_passed_all_checks_schedul_11e17905	665
es.yml	run_runtasklater_executed_96d7e049	666
es.yml	return_later_game_is_not_run_9cc569aa	667
es.yml	return_later_player_is_offli_863a8cdc	668
es.yml	return_later_openinventory_t_7b809b57	669
es.yml	return_later_topinventory_is_f8714cf5	670
es.yml	return_later_not_treasure_sh_fcce2bb9	672
es.yml	ok_later_playing_effects_now_b80a2e0e	673
es.yml	k_llun_r_dj_pinu_16494877	674
es.yml	trade_complete_4a4b1d6f	675
es.yml	a_hidden_power_awakens_7620bc4d	676
es.yml	mobcontrol_wolf_allowed_cust_a5459084	677
es.yml	rainbow_wolf_b3cc6257	678
es.yml	mobcontrol_wolf_allowed_name_9cc5a59a	679
es.yml	mobcontrol_wolf_cancelled_re_1a3b2e1a	680
es.yml	stagemobcontrollistener_refl_08ad690a	681
es.yml	stagemobcontrollistener_refl_d8a61972	682
es.yml	mysql_connection_established_47452dfd	683
es.yml	failed_to_connect_to_mysql_95e4d50a	684
es.yml	create_table_if_not_exists_p_136a7833	685
es.yml	player_name_varchar_50_prima_79b8331b	686
es.yml	count_int_not_null_660eadd8	687
es.yml	failed_to_create_table_68199f98	688
es.yml	reset_treasure_count_for_pla_96b152d2	689
es.yml	dj_onalltreasurescollected_a871afdd	690
es.yml	on_duplicate_key_update_coun_a1543779	691
es.yml	failed_to_save_treasure_coun_9d94c0cc	692
es.yml	dj_triggerultimatedjevent_eb01ecae	693
es.yml	treasure_complete_8360fbe9	694
es.yml	text_cc353737	695
es.yml	congratulations_38fd1594	696
es.yml	time_s_up_c5b3ef74	697
es.yml	treasures_collected_ca7eab31	698
es.yml	try_a_different_route_next_t_721a4d8b	699
es.yml	treasurerun_favorites_templa_a0a4bf2e	758
es.yml	mysql_repository_not_ready_72df0af1	759
es.yml	favorite_saved_sneak_rightcl_7a73eb4f	760
es.yml	where_player_uuid_and_quote__36106f85	762
es.yml	player_uuid_quote_hash_outco_49f06b31	764
es.yml	values_643f4d2f	765
es.yml	where_player_uuid_and_quote__81bcaee5	767
es.yml	where_player_uuid_and_id_f4a80773	769
es.yml	where_player_uuid_53558ea9	771
es.yml	order_by_created_at_desc_lim_f22988c0	772
es.yml	where_player_uuid_ef617232	774
es.yml	treasurerun_favorites_0c778ce1	776
es.yml	no_text_b87d9ee6	777
es.yml	text_2bf42ec8	779
es.yml	3_3d5021f7	781
es.yml	text_e096c9a4	782
es.yml	3_71b78a44	783
es.yml	text_3030fd61	784
es.yml	op_10caf0f6	785
es.yml	debug_mode_is_off_config_yml_b3d27428	786
es.yml	1_3_rank_1_2_3_7f459bd0	789
es.yml	db_e5d54fbd	790
es.yml	debug_rank_3f69f429	791
es.yml	text_bed3daf7	792
es.yml	treasurerun_bcef4fe9	793
es.yml	text_287fa0f1	794
es.yml	text_44a99db9	795
es.yml	text_fd02f248	796
es.yml	text_f166cc04	797
es.yml	text_2281b097	798
es.yml	mysql_repository_not_ready_72df0af1	799
es.yml	success_normal_en_the_obstac_b627a544	807
es.yml	time_up_bc0cd646	808
es.yml	istreasureemerald_fb6fecec	810
es.yml	chestsound_start_called_16th_e2a7414b	811
es.yml	chestsound_chests_0_82465b3c	812
es.yml	chestsound_d_1fm_s_t_2f_step_6e3e0fdb	813
es.yml	chestsound_nearest_1fm_s_t_2_e2465135	814
es.yml	reward_giverankrewardwitheff_5e361189	815
es.yml	starttheme_startgame_called__9cf42cbe	816
es.yml	text_7567bb35	818
es.yml	text_7a04254b	819
es.yml	text_e8d4013d	820
es.yml	text_e42912c7	821
es.yml	text_c89dea57	822
fi.yml	backup_cfe9e6cf	645
fi.yml	treasure_shop_4b968fbd	646
fi.yml	text_e096c9a4	647
fi.yml	inventoryclickevent_fired_8520aa1c	648
fi.yml	items_current_0629a198	649
fi.yml	cursor_7fabae3f	650
fi.yml	return_whoclicked_is_not_pla_a7675648	651
fi.yml	return_topinventory_is_not_m_9936e6de	652
fi.yml	return_not_result_slot_expec_9eb8c2c8	653
fi.yml	shift_53e51de9	654
fi.yml	return_topinventory_is_merch_fa2f5d98	655
fi.yml	merchant_view_title_daf2a73a	656
fi.yml	treasure_shop_2574a694	657
fi.yml	return_not_treasure_shop_tit_8e65ad3d	658
fi.yml	return_current_item_is_null_0f27c9fd	659
fi.yml	return_current_item_is_air_76b5e623	660
fi.yml	return_current_item_is_not_g_d1d65218	661
fi.yml	return_game_is_not_running_048d7edb	662
fi.yml	ingredients_snapshot_98cb38c3	663
fi.yml	return_ingredient_check_fail_673860d5	664
fi.yml	ok_passed_all_checks_schedul_11e17905	665
fi.yml	run_runtasklater_executed_96d7e049	666
fi.yml	return_later_game_is_not_run_9cc569aa	667
fi.yml	return_later_player_is_offli_863a8cdc	668
fi.yml	return_later_openinventory_t_7b809b57	669
fi.yml	return_later_topinventory_is_f8714cf5	670
fi.yml	return_later_not_treasure_sh_fcce2bb9	672
fi.yml	ok_later_playing_effects_now_b80a2e0e	673
fi.yml	k_llun_r_dj_pinu_16494877	674
fi.yml	trade_complete_4a4b1d6f	675
fi.yml	a_hidden_power_awakens_7620bc4d	676
fi.yml	mobcontrol_wolf_allowed_cust_a5459084	677
fi.yml	rainbow_wolf_b3cc6257	678
fi.yml	mobcontrol_wolf_allowed_name_9cc5a59a	679
fi.yml	mobcontrol_wolf_cancelled_re_1a3b2e1a	680
fi.yml	stagemobcontrollistener_refl_08ad690a	681
fi.yml	stagemobcontrollistener_refl_d8a61972	682
fi.yml	mysql_connection_established_47452dfd	683
fi.yml	failed_to_connect_to_mysql_95e4d50a	684
fi.yml	create_table_if_not_exists_p_136a7833	685
fi.yml	player_name_varchar_50_prima_79b8331b	686
fi.yml	count_int_not_null_660eadd8	687
fi.yml	failed_to_create_table_68199f98	688
fi.yml	reset_treasure_count_for_pla_96b152d2	689
fi.yml	dj_onalltreasurescollected_a871afdd	690
fi.yml	on_duplicate_key_update_coun_a1543779	691
fi.yml	failed_to_save_treasure_coun_9d94c0cc	692
fi.yml	dj_triggerultimatedjevent_eb01ecae	693
fi.yml	treasure_complete_8360fbe9	694
fi.yml	text_cc353737	695
fi.yml	congratulations_38fd1594	696
fi.yml	time_s_up_c5b3ef74	697
fi.yml	treasures_collected_ca7eab31	698
fi.yml	try_a_different_route_next_t_721a4d8b	699
fi.yml	treasurerun_favorites_templa_a0a4bf2e	758
fi.yml	mysql_repository_not_ready_72df0af1	759
fi.yml	favorite_saved_sneak_rightcl_7a73eb4f	760
fi.yml	where_player_uuid_and_quote__36106f85	762
fi.yml	player_uuid_quote_hash_outco_49f06b31	764
fi.yml	values_643f4d2f	765
fi.yml	where_player_uuid_and_quote__81bcaee5	767
fi.yml	where_player_uuid_and_id_f4a80773	769
fi.yml	where_player_uuid_53558ea9	771
fi.yml	order_by_created_at_desc_lim_f22988c0	772
fi.yml	where_player_uuid_ef617232	774
fi.yml	treasurerun_favorites_0c778ce1	776
fi.yml	no_text_b87d9ee6	777
fi.yml	text_2bf42ec8	779
fi.yml	3_3d5021f7	781
fi.yml	text_e096c9a4	782
fi.yml	3_71b78a44	783
fi.yml	text_3030fd61	784
fi.yml	op_10caf0f6	785
fi.yml	debug_mode_is_off_config_yml_b3d27428	786
fi.yml	1_3_rank_1_2_3_7f459bd0	789
fi.yml	db_e5d54fbd	790
fi.yml	debug_rank_3f69f429	791
fi.yml	text_bed3daf7	792
fi.yml	treasurerun_bcef4fe9	793
fi.yml	text_287fa0f1	794
fi.yml	text_44a99db9	795
fi.yml	text_fd02f248	796
fi.yml	text_f166cc04	797
fi.yml	text_2281b097	798
fi.yml	mysql_repository_not_ready_72df0af1	799
fi.yml	success_normal_en_the_obstac_b627a544	807
fi.yml	time_up_bc0cd646	808
fi.yml	istreasureemerald_fb6fecec	810
fi.yml	chestsound_start_called_16th_e2a7414b	811
fi.yml	chestsound_chests_0_82465b3c	812
fi.yml	chestsound_d_1fm_s_t_2f_step_6e3e0fdb	813
fi.yml	chestsound_nearest_1fm_s_t_2_e2465135	814
fi.yml	reward_giverankrewardwitheff_5e361189	815
fi.yml	starttheme_startgame_called__9cf42cbe	816
fi.yml	text_7567bb35	818
fi.yml	text_7a04254b	819
fi.yml	text_e8d4013d	820
fi.yml	text_e42912c7	821
fi.yml	text_c89dea57	822
fr.yml	backup_cfe9e6cf	647
fr.yml	treasure_shop_4b968fbd	648
fr.yml	text_e096c9a4	649
fr.yml	inventoryclickevent_fired_8520aa1c	650
fr.yml	items_current_0629a198	651
fr.yml	cursor_7fabae3f	652
fr.yml	return_whoclicked_is_not_pla_a7675648	653
fr.yml	return_topinventory_is_not_m_9936e6de	654
fr.yml	return_not_result_slot_expec_9eb8c2c8	655
fr.yml	shift_53e51de9	656
fr.yml	return_topinventory_is_merch_fa2f5d98	657
fr.yml	merchant_view_title_daf2a73a	658
fr.yml	treasure_shop_2574a694	659
fr.yml	return_not_treasure_shop_tit_8e65ad3d	660
fr.yml	return_current_item_is_null_0f27c9fd	661
fr.yml	return_current_item_is_air_76b5e623	662
fr.yml	return_current_item_is_not_g_d1d65218	663
fr.yml	return_game_is_not_running_048d7edb	664
fr.yml	ingredients_snapshot_98cb38c3	665
fr.yml	return_ingredient_check_fail_673860d5	666
fr.yml	ok_passed_all_checks_schedul_11e17905	667
fr.yml	run_runtasklater_executed_96d7e049	668
fr.yml	return_later_game_is_not_run_9cc569aa	669
fr.yml	return_later_player_is_offli_863a8cdc	670
fr.yml	return_later_openinventory_t_7b809b57	671
fr.yml	return_later_topinventory_is_f8714cf5	672
fr.yml	return_later_not_treasure_sh_fcce2bb9	674
fr.yml	ok_later_playing_effects_now_b80a2e0e	675
fr.yml	k_llun_r_dj_pinu_16494877	676
fr.yml	trade_complete_4a4b1d6f	677
fr.yml	a_hidden_power_awakens_7620bc4d	678
fr.yml	mobcontrol_wolf_allowed_cust_a5459084	679
fr.yml	rainbow_wolf_b3cc6257	680
fr.yml	mobcontrol_wolf_allowed_name_9cc5a59a	681
fr.yml	mobcontrol_wolf_cancelled_re_1a3b2e1a	682
fr.yml	stagemobcontrollistener_refl_08ad690a	683
fr.yml	stagemobcontrollistener_refl_d8a61972	684
fr.yml	mysql_connection_established_47452dfd	685
fr.yml	failed_to_connect_to_mysql_95e4d50a	686
fr.yml	create_table_if_not_exists_p_136a7833	687
fr.yml	player_name_varchar_50_prima_79b8331b	688
fr.yml	count_int_not_null_660eadd8	689
fr.yml	failed_to_create_table_68199f98	690
fr.yml	reset_treasure_count_for_pla_96b152d2	691
fr.yml	dj_onalltreasurescollected_a871afdd	692
fr.yml	on_duplicate_key_update_coun_a1543779	693
fr.yml	failed_to_save_treasure_coun_9d94c0cc	694
fr.yml	dj_triggerultimatedjevent_eb01ecae	695
fr.yml	treasure_complete_8360fbe9	696
fr.yml	text_cc353737	697
fr.yml	congratulations_38fd1594	698
fr.yml	time_s_up_c5b3ef74	699
fr.yml	treasures_collected_ca7eab31	700
fr.yml	try_a_different_route_next_t_721a4d8b	701
fr.yml	treasurerun_favorites_templa_a0a4bf2e	760
fr.yml	mysql_repository_not_ready_72df0af1	761
fr.yml	favorite_saved_sneak_rightcl_7a73eb4f	762
fr.yml	where_player_uuid_and_quote__36106f85	764
fr.yml	player_uuid_quote_hash_outco_49f06b31	766
fr.yml	values_643f4d2f	767
fr.yml	where_player_uuid_and_quote__81bcaee5	769
fr.yml	where_player_uuid_and_id_f4a80773	771
fr.yml	where_player_uuid_53558ea9	773
fr.yml	order_by_created_at_desc_lim_f22988c0	774
fr.yml	where_player_uuid_ef617232	776
fr.yml	treasurerun_favorites_0c778ce1	778
fr.yml	no_text_b87d9ee6	779
fr.yml	text_2bf42ec8	781
fr.yml	3_3d5021f7	783
fr.yml	text_e096c9a4	784
fr.yml	3_71b78a44	785
fr.yml	text_3030fd61	786
fr.yml	op_10caf0f6	787
fr.yml	debug_mode_is_off_config_yml_b3d27428	788
fr.yml	1_3_rank_1_2_3_7f459bd0	791
fr.yml	db_e5d54fbd	792
fr.yml	debug_rank_3f69f429	793
fr.yml	text_bed3daf7	794
fr.yml	treasurerun_bcef4fe9	795
fr.yml	text_287fa0f1	796
fr.yml	text_44a99db9	797
fr.yml	text_fd02f248	798
fr.yml	text_f166cc04	799
fr.yml	text_2281b097	800
fr.yml	mysql_repository_not_ready_72df0af1	801
fr.yml	success_normal_en_the_obstac_b627a544	809
fr.yml	time_up_bc0cd646	810
fr.yml	istreasureemerald_fb6fecec	812
fr.yml	chestsound_start_called_16th_e2a7414b	813
fr.yml	chestsound_chests_0_82465b3c	814
fr.yml	chestsound_d_1fm_s_t_2f_step_6e3e0fdb	815
fr.yml	chestsound_nearest_1fm_s_t_2_e2465135	816
fr.yml	reward_giverankrewardwitheff_5e361189	817
fr.yml	starttheme_startgame_called__9cf42cbe	818
fr.yml	text_7567bb35	820
fr.yml	text_7a04254b	821
fr.yml	text_e8d4013d	822
fr.yml	text_e42912c7	823
fr.yml	text_c89dea57	824
hi.yml	playerscore_b91d4cd3	730
hi.yml	translation_missing_77031543	732
hi.yml	treasurerun_lang_config_yml__2dde4625	734
hi.yml	treasurerun_lang_default_60887a83	736
hi.yml	treasurerun_lang_material_la_bc70a401	739
hi.yml	treasurerun_lang_language_ic_4bc2362d	740
hi.yml	enemydown_mysql_jdbc_mybatis_6b5c6f68	743
hi.yml	enemydown_mysql_6cf3e29b	744
hi.yml	enemydown_mysql_a18990c3	745
hi.yml	enemydown_mysql_e097a73e	746
hi.yml	mysqlmanager_player_score_d92afff4	747
hi.yml	mysqlmanager_player_score_21665c62	748
hi.yml	mysqlmanager_mysql_951100b9	749
hi.yml	mysqlmanager_player_score_a4968d00	750
hi.yml	mysqlmanager_mysql_1763d390	751
hi.yml	mysqlmanager_player_score_2b5c8721	752
hi.yml	enemydown_mysql_bc514e56	753
hi.yml	enemydown_mysql_93b23ef9	754
hi.yml	playerlanguagestore_failed_t_c4999402	757
hi.yml	playerlanguagestore_failed_t_b6478ec8	758
hi.yml	proverb_logged_to_mysql_prov_c13b5e4e	759
hi.yml	failed_to_log_proverb_to_mys_2bb4c5c3	760
hi.yml	loaded_proverb_logs_from_mys_b5b0f8e0	761
hi.yml	failed_to_load_proverb_logs__6246be38	762
hi.yml	treasurerunmultichestplugin_4499e25c	763
hi.yml	treasurerun_gamestagemanager_3d9e7f5a	764
hi.yml	treasurerunmultichestplugin_a507471a	765
hi.yml	treasurerunmultichestplugin_c2111711	766
hi.yml	text_4f7e7cfa	767
hi.yml	text_1a6173d3	768
hi.yml	text_b6568a8d	769
hi.yml	no_9c0fdee6	770
hi.yml	text_9310a1a7	773
hi.yml	text_f9c4c4e2	776
hi.yml	text_ec39d8ad	779
hi.yml	text_d6e25e00	780
hi.yml	text_b2c59e95	781
hi.yml	text_c148686b	782
hi.yml	text_307fcc19	783
hi.yml	starting_in_2413fc14	784
hi.yml	easy_normal_hard_ef1ba55c	785
hi.yml	config_yml_3c6e9d15	787
hi.yml	treasurerun_config_language__763cf02c	788
hi.yml	gui_gamestart_5870f221	789
hi.yml	text_3ecbc53d	790
hi.yml	text_3030fd61	791
hi.yml	reload_gameend_c41d5c55	792
hi.yml	backup_cfe9e6cf	882
hi.yml	text_e096c9a4	883
hi.yml	dj_onalltreasurescollected_a871afdd	884
hi.yml	text_cc353737	885
hi.yml	congratulations_38fd1594	886
hi.yml	favorite_saved_sneak_rightcl_7a73eb4f	937
hi.yml	text_7567bb35	1026
hi.yml	text_7a04254b	1027
hi.yml	text_e8d4013d	1028
hi.yml	text_e42912c7	1029
hi.yml	text_c89dea57	1030
hi.yml	text_2bf42ec8	1094
hi.yml	3_3d5021f7	1096
hi.yml	text_e096c9a4	1097
hi.yml	3_71b78a44	1098
hi.yml	text_3030fd61	1099
hi.yml	op_10caf0f6	1100
hi.yml	1_3_rank_1_2_3_7f459bd0	1103
hi.yml	text_bed3daf7	1104
hi.yml	treasurerun_bcef4fe9	1105
hi.yml	text_287fa0f1	1106
hi.yml	text_44a99db9	1107
hi.yml	text_fd02f248	1108
hi.yml	text_f166cc04	1109
hi.yml	text_2281b097	1110
is.yml	backup_cfe9e6cf	639
is.yml	treasure_shop_4b968fbd	640
is.yml	text_e096c9a4	641
is.yml	inventoryclickevent_fired_8520aa1c	642
is.yml	items_current_0629a198	643
is.yml	cursor_7fabae3f	644
is.yml	return_whoclicked_is_not_pla_a7675648	645
is.yml	return_topinventory_is_not_m_9936e6de	646
is.yml	return_not_result_slot_expec_9eb8c2c8	647
is.yml	shift_53e51de9	648
is.yml	return_topinventory_is_merch_fa2f5d98	649
is.yml	merchant_view_title_daf2a73a	650
is.yml	treasure_shop_2574a694	651
is.yml	return_not_treasure_shop_tit_8e65ad3d	652
is.yml	return_current_item_is_null_0f27c9fd	653
is.yml	return_current_item_is_air_76b5e623	654
is.yml	return_current_item_is_not_g_d1d65218	655
is.yml	return_game_is_not_running_048d7edb	656
is.yml	ingredients_snapshot_98cb38c3	657
is.yml	return_ingredient_check_fail_673860d5	658
is.yml	ok_passed_all_checks_schedul_11e17905	659
is.yml	run_runtasklater_executed_96d7e049	660
is.yml	return_later_game_is_not_run_9cc569aa	661
is.yml	return_later_player_is_offli_863a8cdc	662
is.yml	return_later_openinventory_t_7b809b57	663
is.yml	return_later_topinventory_is_f8714cf5	664
is.yml	return_later_not_treasure_sh_fcce2bb9	666
is.yml	ok_later_playing_effects_now_b80a2e0e	667
is.yml	k_llun_r_dj_pinu_16494877	668
is.yml	trade_complete_4a4b1d6f	669
is.yml	a_hidden_power_awakens_7620bc4d	670
is.yml	mobcontrol_wolf_allowed_cust_a5459084	671
is.yml	rainbow_wolf_b3cc6257	672
is.yml	mobcontrol_wolf_allowed_name_9cc5a59a	673
is.yml	mobcontrol_wolf_cancelled_re_1a3b2e1a	674
is.yml	stagemobcontrollistener_refl_08ad690a	675
is.yml	stagemobcontrollistener_refl_d8a61972	676
is.yml	mysql_connection_established_47452dfd	677
is.yml	failed_to_connect_to_mysql_95e4d50a	678
is.yml	create_table_if_not_exists_p_136a7833	679
is.yml	player_name_varchar_50_prima_79b8331b	680
is.yml	count_int_not_null_660eadd8	681
is.yml	failed_to_create_table_68199f98	682
is.yml	reset_treasure_count_for_pla_96b152d2	683
is.yml	dj_onalltreasurescollected_a871afdd	684
is.yml	on_duplicate_key_update_coun_a1543779	685
is.yml	failed_to_save_treasure_coun_9d94c0cc	686
is.yml	dj_triggerultimatedjevent_eb01ecae	687
is.yml	treasure_complete_8360fbe9	688
is.yml	text_cc353737	689
is.yml	congratulations_38fd1594	690
is.yml	time_s_up_c5b3ef74	691
is.yml	treasures_collected_ca7eab31	692
is.yml	try_a_different_route_next_t_721a4d8b	693
is.yml	treasurerun_favorites_templa_a0a4bf2e	753
is.yml	mysql_repository_not_ready_72df0af1	754
is.yml	favorite_saved_sneak_rightcl_7a73eb4f	755
is.yml	where_player_uuid_and_quote__36106f85	757
is.yml	player_uuid_quote_hash_outco_49f06b31	759
is.yml	values_643f4d2f	760
is.yml	where_player_uuid_and_quote__81bcaee5	762
is.yml	where_player_uuid_and_id_f4a80773	764
is.yml	where_player_uuid_53558ea9	766
is.yml	order_by_created_at_desc_lim_f22988c0	767
is.yml	where_player_uuid_ef617232	769
is.yml	treasurerun_favorites_0c778ce1	771
is.yml	no_text_b87d9ee6	772
is.yml	text_2bf42ec8	774
is.yml	3_3d5021f7	776
is.yml	text_e096c9a4	777
is.yml	3_71b78a44	778
is.yml	text_3030fd61	779
is.yml	op_10caf0f6	780
is.yml	debug_mode_is_off_config_yml_b3d27428	781
is.yml	1_3_rank_1_2_3_7f459bd0	784
is.yml	db_e5d54fbd	785
is.yml	debug_rank_3f69f429	786
is.yml	text_bed3daf7	787
is.yml	treasurerun_bcef4fe9	788
is.yml	text_287fa0f1	789
is.yml	text_44a99db9	790
is.yml	text_fd02f248	791
is.yml	text_f166cc04	792
is.yml	text_2281b097	793
is.yml	mysql_repository_not_ready_72df0af1	794
is.yml	success_normal_en_the_obstac_b627a544	802
is.yml	time_up_bc0cd646	803
is.yml	istreasureemerald_fb6fecec	805
is.yml	chestsound_start_called_16th_e2a7414b	806
is.yml	chestsound_chests_0_82465b3c	807
is.yml	chestsound_d_1fm_s_t_2f_step_6e3e0fdb	808
is.yml	chestsound_nearest_1fm_s_t_2_e2465135	809
is.yml	reward_giverankrewardwitheff_5e361189	810
is.yml	starttheme_startgame_called__9cf42cbe	811
is.yml	text_7567bb35	813
is.yml	text_7a04254b	814
is.yml	text_e8d4013d	815
is.yml	text_e42912c7	816
is.yml	text_c89dea57	817
it.yml	backup_cfe9e6cf	637
it.yml	treasure_shop_4b968fbd	638
it.yml	text_e096c9a4	639
it.yml	inventoryclickevent_fired_8520aa1c	640
it.yml	items_current_0629a198	641
it.yml	cursor_7fabae3f	642
it.yml	return_whoclicked_is_not_pla_a7675648	643
it.yml	return_topinventory_is_not_m_9936e6de	644
it.yml	return_not_result_slot_expec_9eb8c2c8	645
it.yml	shift_53e51de9	646
it.yml	return_topinventory_is_merch_fa2f5d98	647
it.yml	merchant_view_title_daf2a73a	648
it.yml	treasure_shop_2574a694	649
it.yml	return_not_treasure_shop_tit_8e65ad3d	650
it.yml	return_current_item_is_null_0f27c9fd	651
it.yml	return_current_item_is_air_76b5e623	652
it.yml	return_current_item_is_not_g_d1d65218	653
it.yml	return_game_is_not_running_048d7edb	654
it.yml	ingredients_snapshot_98cb38c3	655
it.yml	return_ingredient_check_fail_673860d5	656
it.yml	ok_passed_all_checks_schedul_11e17905	657
it.yml	run_runtasklater_executed_96d7e049	658
it.yml	return_later_game_is_not_run_9cc569aa	659
it.yml	return_later_player_is_offli_863a8cdc	660
it.yml	return_later_openinventory_t_7b809b57	661
it.yml	return_later_topinventory_is_f8714cf5	662
it.yml	return_later_not_treasure_sh_fcce2bb9	664
it.yml	ok_later_playing_effects_now_b80a2e0e	665
it.yml	k_llun_r_dj_pinu_16494877	666
it.yml	trade_complete_4a4b1d6f	667
it.yml	a_hidden_power_awakens_7620bc4d	668
it.yml	mobcontrol_wolf_allowed_cust_a5459084	669
it.yml	rainbow_wolf_b3cc6257	670
it.yml	mobcontrol_wolf_allowed_name_9cc5a59a	671
it.yml	mobcontrol_wolf_cancelled_re_1a3b2e1a	672
it.yml	stagemobcontrollistener_refl_08ad690a	673
it.yml	stagemobcontrollistener_refl_d8a61972	674
it.yml	mysql_connection_established_47452dfd	675
it.yml	failed_to_connect_to_mysql_95e4d50a	676
it.yml	create_table_if_not_exists_p_136a7833	677
it.yml	player_name_varchar_50_prima_79b8331b	678
it.yml	count_int_not_null_660eadd8	679
it.yml	failed_to_create_table_68199f98	680
it.yml	reset_treasure_count_for_pla_96b152d2	681
it.yml	dj_onalltreasurescollected_a871afdd	682
it.yml	on_duplicate_key_update_coun_a1543779	683
it.yml	failed_to_save_treasure_coun_9d94c0cc	684
it.yml	dj_triggerultimatedjevent_eb01ecae	685
it.yml	treasure_complete_8360fbe9	686
it.yml	text_cc353737	687
it.yml	congratulations_38fd1594	688
it.yml	time_s_up_c5b3ef74	689
it.yml	treasures_collected_ca7eab31	690
it.yml	try_a_different_route_next_t_721a4d8b	691
it.yml	treasurerun_favorites_templa_a0a4bf2e	750
it.yml	mysql_repository_not_ready_72df0af1	751
it.yml	favorite_saved_sneak_rightcl_7a73eb4f	752
it.yml	where_player_uuid_and_quote__36106f85	754
it.yml	player_uuid_quote_hash_outco_49f06b31	756
it.yml	values_643f4d2f	757
it.yml	where_player_uuid_and_quote__81bcaee5	759
it.yml	where_player_uuid_and_id_f4a80773	761
it.yml	where_player_uuid_53558ea9	763
it.yml	order_by_created_at_desc_lim_f22988c0	764
it.yml	where_player_uuid_ef617232	766
it.yml	treasurerun_favorites_0c778ce1	768
it.yml	no_text_b87d9ee6	769
it.yml	text_2bf42ec8	771
it.yml	3_3d5021f7	773
it.yml	text_e096c9a4	774
it.yml	3_71b78a44	775
it.yml	text_3030fd61	776
it.yml	op_10caf0f6	777
it.yml	debug_mode_is_off_config_yml_b3d27428	778
it.yml	1_3_rank_1_2_3_7f459bd0	781
it.yml	db_e5d54fbd	782
it.yml	debug_rank_3f69f429	783
it.yml	text_bed3daf7	784
it.yml	treasurerun_bcef4fe9	785
it.yml	text_287fa0f1	786
it.yml	text_44a99db9	787
it.yml	text_fd02f248	788
it.yml	text_f166cc04	789
it.yml	text_2281b097	790
it.yml	mysql_repository_not_ready_72df0af1	791
it.yml	success_normal_en_the_obstac_b627a544	799
it.yml	time_up_bc0cd646	800
it.yml	istreasureemerald_fb6fecec	802
it.yml	chestsound_start_called_16th_e2a7414b	803
it.yml	chestsound_chests_0_82465b3c	804
it.yml	chestsound_d_1fm_s_t_2f_step_6e3e0fdb	805
it.yml	chestsound_nearest_1fm_s_t_2_e2465135	806
it.yml	reward_giverankrewardwitheff_5e361189	807
it.yml	starttheme_startgame_called__9cf42cbe	808
it.yml	text_7567bb35	810
it.yml	text_7a04254b	811
it.yml	text_e8d4013d	812
it.yml	text_e42912c7	813
it.yml	text_c89dea57	814
ja.yml	backup_cfe9e6cf	332
ja.yml	treasure_shop_4b968fbd	333
ja.yml	text_e096c9a4	334
ja.yml	inventoryclickevent_fired_8520aa1c	335
ja.yml	items_current_0629a198	336
ja.yml	cursor_7fabae3f	337
ja.yml	return_whoclicked_is_not_pla_a7675648	338
ja.yml	return_topinventory_is_not_m_9936e6de	339
ja.yml	return_not_result_slot_expec_9eb8c2c8	340
ja.yml	shift_53e51de9	342
ja.yml	return_topinventory_is_merch_fa2f5d98	343
ja.yml	merchant_view_title_daf2a73a	345
ja.yml	treasure_shop_2574a694	346
ja.yml	return_not_treasure_shop_tit_8e65ad3d	347
ja.yml	return_current_item_is_null_0f27c9fd	348
ja.yml	return_current_item_is_air_76b5e623	349
ja.yml	return_current_item_is_not_g_d1d65218	350
ja.yml	return_game_is_not_running_048d7edb	352
ja.yml	ingredients_snapshot_98cb38c3	353
ja.yml	return_ingredient_check_fail_673860d5	354
ja.yml	ok_passed_all_checks_schedul_11e17905	356
ja.yml	run_runtasklater_executed_96d7e049	358
ja.yml	return_later_game_is_not_run_9cc569aa	359
ja.yml	return_later_player_is_offli_863a8cdc	360
ja.yml	return_later_openinventory_t_7b809b57	361
ja.yml	return_later_topinventory_is_f8714cf5	363
ja.yml	return_later_not_treasure_sh_fcce2bb9	366
ja.yml	ok_later_playing_effects_now_b80a2e0e	368
ja.yml	k_llun_r_dj_pinu_16494877	369
ja.yml	trade_complete_4a4b1d6f	370
ja.yml	a_hidden_power_awakens_7620bc4d	371
ja.yml	mobcontrol_wolf_allowed_cust_a5459084	372
ja.yml	rainbow_wolf_b3cc6257	373
ja.yml	mobcontrol_wolf_allowed_name_9cc5a59a	374
ja.yml	mobcontrol_wolf_cancelled_re_1a3b2e1a	376
ja.yml	stagemobcontrollistener_refl_08ad690a	377
ja.yml	stagemobcontrollistener_refl_d8a61972	378
ja.yml	mysql_connection_established_47452dfd	379
ja.yml	failed_to_connect_to_mysql_95e4d50a	380
ja.yml	create_table_if_not_exists_p_136a7833	381
ja.yml	player_name_varchar_50_prima_79b8331b	383
ja.yml	count_int_not_null_660eadd8	384
ja.yml	failed_to_create_table_68199f98	385
ja.yml	reset_treasure_count_for_pla_96b152d2	386
ja.yml	dj_onalltreasurescollected_a871afdd	387
ja.yml	on_duplicate_key_update_coun_a1543779	389
ja.yml	failed_to_save_treasure_coun_9d94c0cc	390
ja.yml	dj_triggerultimatedjevent_eb01ecae	391
ja.yml	treasure_complete_8360fbe9	392
ja.yml	text_cc353737	393
ja.yml	congratulations_38fd1594	394
ja.yml	time_s_up_c5b3ef74	395
ja.yml	treasures_collected_ca7eab31	396
ja.yml	try_a_different_route_next_t_721a4d8b	397
ja.yml	treasurerun_favorites_templa_a0a4bf2e	457
ja.yml	mysql_repository_not_ready_72df0af1	459
ja.yml	favorite_saved_sneak_rightcl_7a73eb4f	460
ja.yml	where_player_uuid_and_quote__36106f85	462
ja.yml	player_uuid_quote_hash_outco_49f06b31	465
ja.yml	values_643f4d2f	467
ja.yml	where_player_uuid_and_quote__81bcaee5	469
ja.yml	where_player_uuid_and_id_f4a80773	471
ja.yml	where_player_uuid_53558ea9	474
ja.yml	order_by_created_at_desc_lim_f22988c0	475
ja.yml	where_player_uuid_ef617232	477
ja.yml	treasurerun_favorites_0c778ce1	479
ja.yml	no_text_b87d9ee6	480
ja.yml	text_2bf42ec8	482
ja.yml	3_3d5021f7	484
ja.yml	text_e096c9a4	485
ja.yml	3_71b78a44	486
ja.yml	text_3030fd61	487
ja.yml	op_10caf0f6	488
ja.yml	debug_mode_is_off_config_yml_b3d27428	489
ja.yml	1_3_rank_1_2_3_7f459bd0	493
ja.yml	db_e5d54fbd	494
ja.yml	debug_rank_3f69f429	495
ja.yml	text_bed3daf7	496
ja.yml	treasurerun_bcef4fe9	497
ja.yml	text_287fa0f1	498
ja.yml	text_44a99db9	499
ja.yml	text_fd02f248	500
ja.yml	text_f166cc04	501
ja.yml	text_2281b097	502
ja.yml	mysql_repository_not_ready_72df0af1	503
ja.yml	success_normal_en_the_obstac_b627a544	516
ja.yml	time_up_bc0cd646	518
ja.yml	istreasureemerald_fb6fecec	520
ja.yml	chestsound_start_called_16th_e2a7414b	521
ja.yml	chestsound_chests_0_82465b3c	523
ja.yml	chestsound_d_1fm_s_t_2f_step_6e3e0fdb	524
ja.yml	chestsound_nearest_1fm_s_t_2_e2465135	526
ja.yml	reward_giverankrewardwitheff_5e361189	527
ja.yml	starttheme_startgame_called__9cf42cbe	529
ja.yml	text_7567bb35	531
ja.yml	text_7a04254b	532
ja.yml	text_e8d4013d	533
ja.yml	text_e42912c7	534
ja.yml	text_c89dea57	535
ko.yml	backup_cfe9e6cf	633
ko.yml	treasure_shop_4b968fbd	634
ko.yml	text_e096c9a4	635
ko.yml	inventoryclickevent_fired_8520aa1c	636
ko.yml	items_current_0629a198	637
ko.yml	cursor_7fabae3f	638
ko.yml	return_whoclicked_is_not_pla_a7675648	639
ko.yml	return_topinventory_is_not_m_9936e6de	640
ko.yml	return_not_result_slot_expec_9eb8c2c8	641
ko.yml	shift_53e51de9	642
ko.yml	return_topinventory_is_merch_fa2f5d98	643
ko.yml	merchant_view_title_daf2a73a	644
ko.yml	treasure_shop_2574a694	645
ko.yml	return_not_treasure_shop_tit_8e65ad3d	646
ko.yml	return_current_item_is_null_0f27c9fd	647
ko.yml	return_current_item_is_air_76b5e623	648
ko.yml	return_current_item_is_not_g_d1d65218	649
ko.yml	return_game_is_not_running_048d7edb	650
ko.yml	ingredients_snapshot_98cb38c3	651
ko.yml	return_ingredient_check_fail_673860d5	652
ko.yml	ok_passed_all_checks_schedul_11e17905	653
ko.yml	run_runtasklater_executed_96d7e049	654
ko.yml	return_later_game_is_not_run_9cc569aa	655
ko.yml	return_later_player_is_offli_863a8cdc	656
ko.yml	return_later_openinventory_t_7b809b57	657
ko.yml	return_later_topinventory_is_f8714cf5	658
ko.yml	return_later_not_treasure_sh_fcce2bb9	660
ko.yml	ok_later_playing_effects_now_b80a2e0e	661
ko.yml	k_llun_r_dj_pinu_16494877	662
ko.yml	trade_complete_4a4b1d6f	663
ko.yml	a_hidden_power_awakens_7620bc4d	664
ko.yml	mobcontrol_wolf_allowed_cust_a5459084	665
ko.yml	rainbow_wolf_b3cc6257	666
ko.yml	mobcontrol_wolf_allowed_name_9cc5a59a	667
ko.yml	mobcontrol_wolf_cancelled_re_1a3b2e1a	668
ko.yml	stagemobcontrollistener_refl_08ad690a	669
ko.yml	stagemobcontrollistener_refl_d8a61972	670
ko.yml	mysql_connection_established_47452dfd	671
ko.yml	failed_to_connect_to_mysql_95e4d50a	672
ko.yml	create_table_if_not_exists_p_136a7833	673
ko.yml	player_name_varchar_50_prima_79b8331b	674
ko.yml	count_int_not_null_660eadd8	675
ko.yml	failed_to_create_table_68199f98	676
ko.yml	reset_treasure_count_for_pla_96b152d2	677
ko.yml	dj_onalltreasurescollected_a871afdd	678
ko.yml	on_duplicate_key_update_coun_a1543779	679
ko.yml	failed_to_save_treasure_coun_9d94c0cc	680
ko.yml	dj_triggerultimatedjevent_eb01ecae	681
ko.yml	treasure_complete_8360fbe9	682
ko.yml	text_cc353737	683
ko.yml	congratulations_38fd1594	684
ko.yml	time_s_up_c5b3ef74	685
ko.yml	treasures_collected_ca7eab31	686
ko.yml	try_a_different_route_next_t_721a4d8b	687
ko.yml	treasurerun_favorites_templa_a0a4bf2e	747
ko.yml	mysql_repository_not_ready_72df0af1	748
ko.yml	favorite_saved_sneak_rightcl_7a73eb4f	749
ko.yml	where_player_uuid_and_quote__36106f85	751
ko.yml	player_uuid_quote_hash_outco_49f06b31	753
ko.yml	values_643f4d2f	754
ko.yml	where_player_uuid_and_quote__81bcaee5	756
ko.yml	where_player_uuid_and_id_f4a80773	758
ko.yml	where_player_uuid_53558ea9	760
ko.yml	order_by_created_at_desc_lim_f22988c0	761
ko.yml	where_player_uuid_ef617232	763
ko.yml	treasurerun_favorites_0c778ce1	765
ko.yml	no_text_b87d9ee6	766
ko.yml	text_2bf42ec8	768
ko.yml	3_3d5021f7	770
ko.yml	text_e096c9a4	771
ko.yml	3_71b78a44	772
ko.yml	text_3030fd61	773
ko.yml	op_10caf0f6	774
ko.yml	debug_mode_is_off_config_yml_b3d27428	775
ko.yml	1_3_rank_1_2_3_7f459bd0	778
ko.yml	db_e5d54fbd	779
ko.yml	debug_rank_3f69f429	780
ko.yml	text_bed3daf7	781
ko.yml	treasurerun_bcef4fe9	782
ko.yml	text_287fa0f1	783
ko.yml	text_44a99db9	784
ko.yml	text_fd02f248	785
ko.yml	text_f166cc04	786
ko.yml	text_2281b097	787
ko.yml	mysql_repository_not_ready_72df0af1	788
ko.yml	success_normal_en_the_obstac_b627a544	796
ko.yml	time_up_bc0cd646	797
ko.yml	istreasureemerald_fb6fecec	799
ko.yml	chestsound_start_called_16th_e2a7414b	800
ko.yml	chestsound_chests_0_82465b3c	801
ko.yml	chestsound_d_1fm_s_t_2f_step_6e3e0fdb	802
ko.yml	chestsound_nearest_1fm_s_t_2_e2465135	803
ko.yml	reward_giverankrewardwitheff_5e361189	804
ko.yml	starttheme_startgame_called__9cf42cbe	805
ko.yml	text_7567bb35	807
ko.yml	text_7a04254b	808
ko.yml	text_e8d4013d	809
ko.yml	text_e42912c7	810
ko.yml	text_c89dea57	811
la.yml	backup_cfe9e6cf	645
la.yml	treasure_shop_4b968fbd	646
la.yml	text_e096c9a4	647
la.yml	inventoryclickevent_fired_8520aa1c	648
la.yml	items_current_0629a198	649
la.yml	cursor_7fabae3f	650
la.yml	return_whoclicked_is_not_pla_a7675648	651
la.yml	return_topinventory_is_not_m_9936e6de	652
la.yml	return_not_result_slot_expec_9eb8c2c8	653
la.yml	shift_53e51de9	654
la.yml	return_topinventory_is_merch_fa2f5d98	655
la.yml	merchant_view_title_daf2a73a	656
la.yml	treasure_shop_2574a694	657
la.yml	return_not_treasure_shop_tit_8e65ad3d	658
la.yml	return_current_item_is_null_0f27c9fd	659
la.yml	return_current_item_is_air_76b5e623	660
la.yml	return_current_item_is_not_g_d1d65218	661
la.yml	return_game_is_not_running_048d7edb	662
la.yml	ingredients_snapshot_98cb38c3	663
la.yml	return_ingredient_check_fail_673860d5	664
la.yml	ok_passed_all_checks_schedul_11e17905	665
la.yml	run_runtasklater_executed_96d7e049	666
la.yml	return_later_game_is_not_run_9cc569aa	667
la.yml	return_later_player_is_offli_863a8cdc	668
la.yml	return_later_openinventory_t_7b809b57	669
la.yml	return_later_topinventory_is_f8714cf5	670
la.yml	return_later_not_treasure_sh_fcce2bb9	672
la.yml	ok_later_playing_effects_now_b80a2e0e	673
la.yml	k_llun_r_dj_pinu_16494877	674
la.yml	trade_complete_4a4b1d6f	675
la.yml	a_hidden_power_awakens_7620bc4d	676
la.yml	mobcontrol_wolf_allowed_cust_a5459084	677
la.yml	rainbow_wolf_b3cc6257	678
la.yml	mobcontrol_wolf_allowed_name_9cc5a59a	679
la.yml	mobcontrol_wolf_cancelled_re_1a3b2e1a	680
la.yml	stagemobcontrollistener_refl_08ad690a	681
la.yml	stagemobcontrollistener_refl_d8a61972	682
la.yml	mysql_connection_established_47452dfd	683
la.yml	failed_to_connect_to_mysql_95e4d50a	684
la.yml	create_table_if_not_exists_p_136a7833	685
la.yml	player_name_varchar_50_prima_79b8331b	686
la.yml	count_int_not_null_660eadd8	687
la.yml	failed_to_create_table_68199f98	688
la.yml	reset_treasure_count_for_pla_96b152d2	689
la.yml	dj_onalltreasurescollected_a871afdd	690
la.yml	on_duplicate_key_update_coun_a1543779	691
la.yml	failed_to_save_treasure_coun_9d94c0cc	692
la.yml	dj_triggerultimatedjevent_eb01ecae	693
la.yml	treasure_complete_8360fbe9	694
la.yml	text_cc353737	695
la.yml	congratulations_38fd1594	696
la.yml	time_s_up_c5b3ef74	697
la.yml	treasures_collected_ca7eab31	698
la.yml	try_a_different_route_next_t_721a4d8b	699
la.yml	treasurerun_favorites_templa_a0a4bf2e	758
la.yml	mysql_repository_not_ready_72df0af1	759
la.yml	favorite_saved_sneak_rightcl_7a73eb4f	760
la.yml	where_player_uuid_and_quote__36106f85	762
la.yml	player_uuid_quote_hash_outco_49f06b31	764
la.yml	values_643f4d2f	765
la.yml	where_player_uuid_and_quote__81bcaee5	767
la.yml	where_player_uuid_and_id_f4a80773	769
la.yml	where_player_uuid_53558ea9	771
la.yml	order_by_created_at_desc_lim_f22988c0	772
la.yml	where_player_uuid_ef617232	774
la.yml	treasurerun_favorites_0c778ce1	776
la.yml	no_text_b87d9ee6	777
la.yml	text_2bf42ec8	779
la.yml	3_3d5021f7	781
la.yml	text_e096c9a4	782
la.yml	3_71b78a44	783
la.yml	text_3030fd61	784
la.yml	op_10caf0f6	785
la.yml	debug_mode_is_off_config_yml_b3d27428	786
la.yml	1_3_rank_1_2_3_7f459bd0	789
la.yml	db_e5d54fbd	790
la.yml	debug_rank_3f69f429	791
la.yml	text_bed3daf7	792
la.yml	treasurerun_bcef4fe9	793
la.yml	text_287fa0f1	794
la.yml	text_44a99db9	795
la.yml	text_fd02f248	796
la.yml	text_f166cc04	797
la.yml	text_2281b097	798
la.yml	mysql_repository_not_ready_72df0af1	799
la.yml	success_normal_en_the_obstac_b627a544	807
la.yml	time_up_bc0cd646	808
la.yml	istreasureemerald_fb6fecec	810
la.yml	chestsound_start_called_16th_e2a7414b	811
la.yml	chestsound_chests_0_82465b3c	812
la.yml	chestsound_d_1fm_s_t_2f_step_6e3e0fdb	813
la.yml	chestsound_nearest_1fm_s_t_2_e2465135	814
la.yml	reward_giverankrewardwitheff_5e361189	815
la.yml	starttheme_startgame_called__9cf42cbe	816
la.yml	text_7567bb35	818
la.yml	text_7a04254b	819
la.yml	text_e8d4013d	820
la.yml	text_e42912c7	821
la.yml	text_c89dea57	822
lzh.yml	playerscore_b91d4cd3	714
lzh.yml	translation_missing_77031543	716
lzh.yml	treasurerun_lang_config_yml__2dde4625	718
lzh.yml	treasurerun_lang_default_60887a83	720
lzh.yml	treasurerun_lang_material_la_bc70a401	723
lzh.yml	treasurerun_lang_language_ic_4bc2362d	724
lzh.yml	enemydown_mysql_jdbc_mybatis_6b5c6f68	727
lzh.yml	enemydown_mysql_6cf3e29b	728
lzh.yml	enemydown_mysql_a18990c3	729
lzh.yml	enemydown_mysql_e097a73e	730
lzh.yml	mysqlmanager_player_score_d92afff4	731
lzh.yml	mysqlmanager_player_score_21665c62	732
lzh.yml	mysqlmanager_mysql_951100b9	733
lzh.yml	mysqlmanager_player_score_a4968d00	734
lzh.yml	mysqlmanager_mysql_1763d390	735
lzh.yml	mysqlmanager_player_score_2b5c8721	736
lzh.yml	enemydown_mysql_bc514e56	737
lzh.yml	enemydown_mysql_93b23ef9	738
lzh.yml	playerlanguagestore_failed_t_c4999402	741
lzh.yml	playerlanguagestore_failed_t_b6478ec8	742
lzh.yml	proverb_logged_to_mysql_prov_c13b5e4e	743
lzh.yml	failed_to_log_proverb_to_mys_2bb4c5c3	744
lzh.yml	loaded_proverb_logs_from_mys_b5b0f8e0	745
lzh.yml	failed_to_load_proverb_logs__6246be38	746
lzh.yml	treasurerunmultichestplugin_4499e25c	747
lzh.yml	treasurerun_gamestagemanager_3d9e7f5a	748
lzh.yml	treasurerunmultichestplugin_a507471a	749
lzh.yml	treasurerunmultichestplugin_c2111711	750
lzh.yml	text_4f7e7cfa	751
lzh.yml	text_1a6173d3	752
lzh.yml	text_b6568a8d	753
lzh.yml	no_9c0fdee6	754
lzh.yml	text_9310a1a7	756
lzh.yml	text_f9c4c4e2	759
lzh.yml	text_ec39d8ad	762
lzh.yml	text_d6e25e00	763
lzh.yml	text_b2c59e95	764
lzh.yml	text_c148686b	765
lzh.yml	text_307fcc19	766
lzh.yml	starting_in_2413fc14	767
lzh.yml	easy_normal_hard_ef1ba55c	768
lzh.yml	config_yml_3c6e9d15	770
lzh.yml	treasurerun_config_language__763cf02c	771
lzh.yml	gui_gamestart_5870f221	772
lzh.yml	text_3ecbc53d	773
lzh.yml	text_3030fd61	774
lzh.yml	reload_gameend_c41d5c55	775
lzh.yml	backup_cfe9e6cf	864
lzh.yml	text_e096c9a4	865
lzh.yml	dj_onalltreasurescollected_a871afdd	866
lzh.yml	text_cc353737	867
lzh.yml	congratulations_38fd1594	868
lzh.yml	favorite_saved_sneak_rightcl_7a73eb4f	919
lzh.yml	text_7567bb35	1008
lzh.yml	text_7a04254b	1009
lzh.yml	text_e8d4013d	1010
lzh.yml	text_e42912c7	1011
lzh.yml	text_c89dea57	1012
lzh.yml	text_2bf42ec8	1076
lzh.yml	3_3d5021f7	1078
lzh.yml	text_e096c9a4	1079
lzh.yml	3_71b78a44	1080
lzh.yml	text_3030fd61	1081
lzh.yml	op_10caf0f6	1082
lzh.yml	1_3_rank_1_2_3_7f459bd0	1085
lzh.yml	text_bed3daf7	1086
lzh.yml	treasurerun_bcef4fe9	1087
lzh.yml	text_287fa0f1	1088
lzh.yml	text_44a99db9	1089
lzh.yml	text_fd02f248	1090
lzh.yml	text_f166cc04	1091
lzh.yml	text_2281b097	1092
nl.yml	backup_cfe9e6cf	643
nl.yml	treasure_shop_4b968fbd	644
nl.yml	text_e096c9a4	645
nl.yml	inventoryclickevent_fired_8520aa1c	646
nl.yml	items_current_0629a198	647
nl.yml	cursor_7fabae3f	648
nl.yml	return_whoclicked_is_not_pla_a7675648	649
nl.yml	return_topinventory_is_not_m_9936e6de	650
nl.yml	return_not_result_slot_expec_9eb8c2c8	651
nl.yml	shift_53e51de9	652
nl.yml	return_topinventory_is_merch_fa2f5d98	653
nl.yml	merchant_view_title_daf2a73a	654
nl.yml	treasure_shop_2574a694	655
nl.yml	return_not_treasure_shop_tit_8e65ad3d	656
nl.yml	return_current_item_is_null_0f27c9fd	657
nl.yml	return_current_item_is_air_76b5e623	658
nl.yml	return_current_item_is_not_g_d1d65218	659
nl.yml	return_game_is_not_running_048d7edb	660
nl.yml	ingredients_snapshot_98cb38c3	661
nl.yml	return_ingredient_check_fail_673860d5	662
nl.yml	ok_passed_all_checks_schedul_11e17905	663
nl.yml	run_runtasklater_executed_96d7e049	664
nl.yml	return_later_game_is_not_run_9cc569aa	665
nl.yml	return_later_player_is_offli_863a8cdc	666
nl.yml	return_later_openinventory_t_7b809b57	667
nl.yml	return_later_topinventory_is_f8714cf5	668
nl.yml	return_later_not_treasure_sh_fcce2bb9	670
nl.yml	ok_later_playing_effects_now_b80a2e0e	671
nl.yml	k_llun_r_dj_pinu_16494877	672
nl.yml	trade_complete_4a4b1d6f	673
nl.yml	a_hidden_power_awakens_7620bc4d	674
nl.yml	mobcontrol_wolf_allowed_cust_a5459084	675
nl.yml	rainbow_wolf_b3cc6257	676
nl.yml	mobcontrol_wolf_allowed_name_9cc5a59a	677
nl.yml	mobcontrol_wolf_cancelled_re_1a3b2e1a	678
nl.yml	stagemobcontrollistener_refl_08ad690a	679
nl.yml	stagemobcontrollistener_refl_d8a61972	680
nl.yml	mysql_connection_established_47452dfd	681
nl.yml	failed_to_connect_to_mysql_95e4d50a	682
nl.yml	create_table_if_not_exists_p_136a7833	683
nl.yml	player_name_varchar_50_prima_79b8331b	684
nl.yml	count_int_not_null_660eadd8	685
nl.yml	failed_to_create_table_68199f98	686
nl.yml	reset_treasure_count_for_pla_96b152d2	687
nl.yml	dj_onalltreasurescollected_a871afdd	688
nl.yml	on_duplicate_key_update_coun_a1543779	689
nl.yml	failed_to_save_treasure_coun_9d94c0cc	690
nl.yml	dj_triggerultimatedjevent_eb01ecae	691
nl.yml	treasure_complete_8360fbe9	692
nl.yml	text_cc353737	693
nl.yml	congratulations_38fd1594	694
nl.yml	time_s_up_c5b3ef74	695
nl.yml	treasures_collected_ca7eab31	696
nl.yml	try_a_different_route_next_t_721a4d8b	697
nl.yml	treasurerun_favorites_templa_a0a4bf2e	757
nl.yml	mysql_repository_not_ready_72df0af1	758
nl.yml	favorite_saved_sneak_rightcl_7a73eb4f	759
nl.yml	where_player_uuid_and_quote__36106f85	761
nl.yml	player_uuid_quote_hash_outco_49f06b31	763
nl.yml	values_643f4d2f	764
nl.yml	where_player_uuid_and_quote__81bcaee5	766
nl.yml	where_player_uuid_and_id_f4a80773	768
nl.yml	where_player_uuid_53558ea9	770
nl.yml	order_by_created_at_desc_lim_f22988c0	771
nl.yml	where_player_uuid_ef617232	773
nl.yml	treasurerun_favorites_0c778ce1	775
nl.yml	no_text_b87d9ee6	776
nl.yml	text_2bf42ec8	778
nl.yml	3_3d5021f7	780
nl.yml	text_e096c9a4	781
nl.yml	3_71b78a44	782
nl.yml	text_3030fd61	783
nl.yml	op_10caf0f6	784
nl.yml	debug_mode_is_off_config_yml_b3d27428	785
nl.yml	1_3_rank_1_2_3_7f459bd0	788
nl.yml	db_e5d54fbd	789
nl.yml	debug_rank_3f69f429	790
nl.yml	text_bed3daf7	791
nl.yml	treasurerun_bcef4fe9	792
nl.yml	text_287fa0f1	793
nl.yml	text_44a99db9	794
nl.yml	text_fd02f248	795
nl.yml	text_f166cc04	796
nl.yml	text_2281b097	797
nl.yml	mysql_repository_not_ready_72df0af1	798
nl.yml	success_normal_en_the_obstac_b627a544	806
nl.yml	time_up_bc0cd646	807
nl.yml	istreasureemerald_fb6fecec	809
nl.yml	chestsound_start_called_16th_e2a7414b	810
nl.yml	chestsound_chests_0_82465b3c	811
nl.yml	chestsound_d_1fm_s_t_2f_step_6e3e0fdb	812
nl.yml	chestsound_nearest_1fm_s_t_2_e2465135	813
nl.yml	reward_giverankrewardwitheff_5e361189	814
nl.yml	starttheme_startgame_called__9cf42cbe	815
nl.yml	text_7567bb35	817
nl.yml	text_7a04254b	818
nl.yml	text_e8d4013d	819
nl.yml	text_e42912c7	820
nl.yml	text_c89dea57	821
pt.yml	playerscore_b91d4cd3	730
pt.yml	translation_missing_77031543	732
pt.yml	treasurerun_lang_config_yml__2dde4625	734
pt.yml	treasurerun_lang_default_60887a83	736
pt.yml	treasurerun_lang_material_la_bc70a401	739
pt.yml	treasurerun_lang_language_ic_4bc2362d	740
pt.yml	enemydown_mysql_jdbc_mybatis_6b5c6f68	744
pt.yml	enemydown_mysql_6cf3e29b	745
pt.yml	enemydown_mysql_a18990c3	746
pt.yml	enemydown_mysql_e097a73e	747
pt.yml	mysqlmanager_player_score_d92afff4	748
pt.yml	mysqlmanager_player_score_21665c62	749
pt.yml	mysqlmanager_mysql_951100b9	750
pt.yml	mysqlmanager_player_score_a4968d00	751
pt.yml	mysqlmanager_mysql_1763d390	752
pt.yml	mysqlmanager_player_score_2b5c8721	753
pt.yml	enemydown_mysql_bc514e56	754
pt.yml	enemydown_mysql_93b23ef9	755
pt.yml	playerlanguagestore_failed_t_c4999402	758
pt.yml	playerlanguagestore_failed_t_b6478ec8	759
pt.yml	proverb_logged_to_mysql_prov_c13b5e4e	760
pt.yml	failed_to_log_proverb_to_mys_2bb4c5c3	761
pt.yml	loaded_proverb_logs_from_mys_b5b0f8e0	762
pt.yml	failed_to_load_proverb_logs__6246be38	763
pt.yml	treasurerunmultichestplugin_4499e25c	764
pt.yml	treasurerun_gamestagemanager_3d9e7f5a	765
pt.yml	treasurerunmultichestplugin_a507471a	766
pt.yml	treasurerunmultichestplugin_c2111711	767
pt.yml	text_4f7e7cfa	768
pt.yml	text_1a6173d3	769
pt.yml	text_b6568a8d	770
pt.yml	no_9c0fdee6	771
pt.yml	text_9310a1a7	773
pt.yml	text_f9c4c4e2	776
pt.yml	text_ec39d8ad	779
pt.yml	text_d6e25e00	780
pt.yml	text_b2c59e95	781
pt.yml	text_c148686b	782
pt.yml	text_307fcc19	783
pt.yml	starting_in_2413fc14	784
pt.yml	easy_normal_hard_ef1ba55c	785
pt.yml	config_yml_3c6e9d15	787
pt.yml	treasurerun_config_language__763cf02c	788
pt.yml	gui_gamestart_5870f221	789
pt.yml	text_3ecbc53d	790
pt.yml	text_3030fd61	791
pt.yml	reload_gameend_c41d5c55	792
pt.yml	backup_cfe9e6cf	882
pt.yml	text_e096c9a4	883
pt.yml	dj_onalltreasurescollected_a871afdd	884
pt.yml	text_cc353737	885
pt.yml	congratulations_38fd1594	886
pt.yml	favorite_saved_sneak_rightcl_7a73eb4f	937
pt.yml	text_7567bb35	1028
pt.yml	text_7a04254b	1029
pt.yml	text_e8d4013d	1030
pt.yml	text_e42912c7	1031
pt.yml	text_c89dea57	1032
pt.yml	text_2bf42ec8	1096
pt.yml	3_3d5021f7	1098
pt.yml	text_e096c9a4	1099
pt.yml	3_71b78a44	1100
pt.yml	text_3030fd61	1101
pt.yml	op_10caf0f6	1102
pt.yml	1_3_rank_1_2_3_7f459bd0	1105
pt.yml	text_bed3daf7	1106
pt.yml	treasurerun_bcef4fe9	1107
pt.yml	text_287fa0f1	1108
pt.yml	text_44a99db9	1109
pt.yml	text_fd02f248	1110
pt.yml	text_f166cc04	1111
pt.yml	text_2281b097	1112
ru.yml	backup_cfe9e6cf	651
ru.yml	treasure_shop_4b968fbd	652
ru.yml	text_e096c9a4	653
ru.yml	inventoryclickevent_fired_8520aa1c	654
ru.yml	items_current_0629a198	655
ru.yml	cursor_7fabae3f	656
ru.yml	return_whoclicked_is_not_pla_a7675648	657
ru.yml	return_topinventory_is_not_m_9936e6de	658
ru.yml	return_not_result_slot_expec_9eb8c2c8	659
ru.yml	shift_53e51de9	660
ru.yml	return_topinventory_is_merch_fa2f5d98	661
ru.yml	merchant_view_title_daf2a73a	662
ru.yml	treasure_shop_2574a694	663
ru.yml	return_not_treasure_shop_tit_8e65ad3d	664
ru.yml	return_current_item_is_null_0f27c9fd	665
ru.yml	return_current_item_is_air_76b5e623	666
ru.yml	return_current_item_is_not_g_d1d65218	667
ru.yml	return_game_is_not_running_048d7edb	668
ru.yml	ingredients_snapshot_98cb38c3	669
ru.yml	return_ingredient_check_fail_673860d5	670
ru.yml	ok_passed_all_checks_schedul_11e17905	671
ru.yml	run_runtasklater_executed_96d7e049	672
ru.yml	return_later_game_is_not_run_9cc569aa	673
ru.yml	return_later_player_is_offli_863a8cdc	674
ru.yml	return_later_openinventory_t_7b809b57	675
ru.yml	return_later_topinventory_is_f8714cf5	676
ru.yml	return_later_not_treasure_sh_fcce2bb9	678
ru.yml	ok_later_playing_effects_now_b80a2e0e	679
ru.yml	k_llun_r_dj_pinu_16494877	680
ru.yml	trade_complete_4a4b1d6f	681
ru.yml	a_hidden_power_awakens_7620bc4d	682
ru.yml	mobcontrol_wolf_allowed_cust_a5459084	683
ru.yml	rainbow_wolf_b3cc6257	684
ru.yml	mobcontrol_wolf_allowed_name_9cc5a59a	685
ru.yml	mobcontrol_wolf_cancelled_re_1a3b2e1a	686
ru.yml	stagemobcontrollistener_refl_08ad690a	687
ru.yml	stagemobcontrollistener_refl_d8a61972	688
ru.yml	mysql_connection_established_47452dfd	689
ru.yml	failed_to_connect_to_mysql_95e4d50a	690
ru.yml	create_table_if_not_exists_p_136a7833	691
ru.yml	player_name_varchar_50_prima_79b8331b	692
ru.yml	count_int_not_null_660eadd8	693
ru.yml	failed_to_create_table_68199f98	694
ru.yml	reset_treasure_count_for_pla_96b152d2	695
ru.yml	dj_onalltreasurescollected_a871afdd	696
ru.yml	on_duplicate_key_update_coun_a1543779	697
ru.yml	failed_to_save_treasure_coun_9d94c0cc	698
ru.yml	dj_triggerultimatedjevent_eb01ecae	699
ru.yml	treasure_complete_8360fbe9	700
ru.yml	text_cc353737	701
ru.yml	congratulations_38fd1594	702
ru.yml	time_s_up_c5b3ef74	703
ru.yml	treasures_collected_ca7eab31	704
ru.yml	try_a_different_route_next_t_721a4d8b	705
ru.yml	treasurerun_favorites_templa_a0a4bf2e	764
ru.yml	mysql_repository_not_ready_72df0af1	765
ru.yml	favorite_saved_sneak_rightcl_7a73eb4f	766
ru.yml	where_player_uuid_and_quote__36106f85	768
ru.yml	player_uuid_quote_hash_outco_49f06b31	770
ru.yml	values_643f4d2f	771
ru.yml	where_player_uuid_and_quote__81bcaee5	773
ru.yml	where_player_uuid_and_id_f4a80773	775
ru.yml	where_player_uuid_53558ea9	777
ru.yml	order_by_created_at_desc_lim_f22988c0	778
ru.yml	where_player_uuid_ef617232	780
ru.yml	treasurerun_favorites_0c778ce1	782
ru.yml	no_text_b87d9ee6	783
ru.yml	text_2bf42ec8	785
ru.yml	3_3d5021f7	787
ru.yml	text_e096c9a4	788
ru.yml	3_71b78a44	789
ru.yml	text_3030fd61	790
ru.yml	op_10caf0f6	791
ru.yml	debug_mode_is_off_config_yml_b3d27428	792
ru.yml	1_3_rank_1_2_3_7f459bd0	795
ru.yml	db_e5d54fbd	796
ru.yml	debug_rank_3f69f429	797
ru.yml	text_bed3daf7	798
ru.yml	treasurerun_bcef4fe9	799
ru.yml	text_287fa0f1	800
ru.yml	text_44a99db9	801
ru.yml	text_fd02f248	802
ru.yml	text_f166cc04	803
ru.yml	text_2281b097	804
ru.yml	mysql_repository_not_ready_72df0af1	805
ru.yml	success_normal_en_the_obstac_b627a544	813
ru.yml	time_up_bc0cd646	814
ru.yml	istreasureemerald_fb6fecec	816
ru.yml	chestsound_start_called_16th_e2a7414b	817
ru.yml	chestsound_chests_0_82465b3c	818
ru.yml	chestsound_d_1fm_s_t_2f_step_6e3e0fdb	819
ru.yml	chestsound_nearest_1fm_s_t_2_e2465135	820
ru.yml	reward_giverankrewardwitheff_5e361189	821
ru.yml	starttheme_startgame_called__9cf42cbe	822
ru.yml	text_7567bb35	824
ru.yml	text_7a04254b	825
ru.yml	text_e8d4013d	826
ru.yml	text_e42912c7	827
ru.yml	text_c89dea57	828
sa.yml	backup_cfe9e6cf	649
sa.yml	treasure_shop_4b968fbd	650
sa.yml	text_e096c9a4	651
sa.yml	inventoryclickevent_fired_8520aa1c	652
sa.yml	items_current_0629a198	653
sa.yml	cursor_7fabae3f	654
sa.yml	return_whoclicked_is_not_pla_a7675648	655
sa.yml	return_topinventory_is_not_m_9936e6de	656
sa.yml	return_not_result_slot_expec_9eb8c2c8	657
sa.yml	shift_53e51de9	658
sa.yml	return_topinventory_is_merch_fa2f5d98	659
sa.yml	merchant_view_title_daf2a73a	660
sa.yml	treasure_shop_2574a694	661
sa.yml	return_not_treasure_shop_tit_8e65ad3d	662
sa.yml	return_current_item_is_null_0f27c9fd	663
sa.yml	return_current_item_is_air_76b5e623	664
sa.yml	return_current_item_is_not_g_d1d65218	665
sa.yml	return_game_is_not_running_048d7edb	666
sa.yml	ingredients_snapshot_98cb38c3	667
sa.yml	return_ingredient_check_fail_673860d5	668
sa.yml	ok_passed_all_checks_schedul_11e17905	669
sa.yml	run_runtasklater_executed_96d7e049	670
sa.yml	return_later_game_is_not_run_9cc569aa	671
sa.yml	return_later_player_is_offli_863a8cdc	672
sa.yml	return_later_openinventory_t_7b809b57	673
sa.yml	return_later_topinventory_is_f8714cf5	674
sa.yml	return_later_not_treasure_sh_fcce2bb9	676
sa.yml	ok_later_playing_effects_now_b80a2e0e	677
sa.yml	k_llun_r_dj_pinu_16494877	678
sa.yml	trade_complete_4a4b1d6f	679
sa.yml	a_hidden_power_awakens_7620bc4d	680
sa.yml	mobcontrol_wolf_allowed_cust_a5459084	681
sa.yml	rainbow_wolf_b3cc6257	682
sa.yml	mobcontrol_wolf_allowed_name_9cc5a59a	683
sa.yml	mobcontrol_wolf_cancelled_re_1a3b2e1a	684
sa.yml	stagemobcontrollistener_refl_08ad690a	685
sa.yml	stagemobcontrollistener_refl_d8a61972	686
sa.yml	mysql_connection_established_47452dfd	687
sa.yml	failed_to_connect_to_mysql_95e4d50a	688
sa.yml	create_table_if_not_exists_p_136a7833	689
sa.yml	player_name_varchar_50_prima_79b8331b	690
sa.yml	count_int_not_null_660eadd8	691
sa.yml	failed_to_create_table_68199f98	692
sa.yml	reset_treasure_count_for_pla_96b152d2	693
sa.yml	dj_onalltreasurescollected_a871afdd	694
sa.yml	on_duplicate_key_update_coun_a1543779	695
sa.yml	failed_to_save_treasure_coun_9d94c0cc	696
sa.yml	dj_triggerultimatedjevent_eb01ecae	697
sa.yml	treasure_complete_8360fbe9	698
sa.yml	text_cc353737	699
sa.yml	congratulations_38fd1594	700
sa.yml	time_s_up_c5b3ef74	701
sa.yml	treasures_collected_ca7eab31	702
sa.yml	try_a_different_route_next_t_721a4d8b	703
sa.yml	treasurerun_favorites_templa_a0a4bf2e	763
sa.yml	mysql_repository_not_ready_72df0af1	764
sa.yml	favorite_saved_sneak_rightcl_7a73eb4f	765
sa.yml	where_player_uuid_and_quote__36106f85	767
sa.yml	player_uuid_quote_hash_outco_49f06b31	769
sa.yml	values_643f4d2f	770
sa.yml	where_player_uuid_and_quote__81bcaee5	772
sa.yml	where_player_uuid_and_id_f4a80773	774
sa.yml	where_player_uuid_53558ea9	776
sa.yml	order_by_created_at_desc_lim_f22988c0	777
sa.yml	where_player_uuid_ef617232	779
sa.yml	treasurerun_favorites_0c778ce1	781
sa.yml	no_text_b87d9ee6	782
sa.yml	text_2bf42ec8	784
sa.yml	3_3d5021f7	786
sa.yml	text_e096c9a4	787
sa.yml	3_71b78a44	788
sa.yml	text_3030fd61	789
sa.yml	op_10caf0f6	790
sa.yml	debug_mode_is_off_config_yml_b3d27428	791
sa.yml	1_3_rank_1_2_3_7f459bd0	794
sa.yml	db_e5d54fbd	795
sa.yml	debug_rank_3f69f429	796
sa.yml	text_bed3daf7	797
sa.yml	treasurerun_bcef4fe9	798
sa.yml	text_287fa0f1	799
sa.yml	text_44a99db9	800
sa.yml	text_fd02f248	801
sa.yml	text_f166cc04	802
sa.yml	text_2281b097	803
sa.yml	mysql_repository_not_ready_72df0af1	804
sa.yml	success_normal_en_the_obstac_b627a544	812
sa.yml	time_up_bc0cd646	813
sa.yml	istreasureemerald_fb6fecec	815
sa.yml	chestsound_start_called_16th_e2a7414b	816
sa.yml	chestsound_chests_0_82465b3c	817
sa.yml	chestsound_d_1fm_s_t_2f_step_6e3e0fdb	818
sa.yml	chestsound_nearest_1fm_s_t_2_e2465135	819
sa.yml	reward_giverankrewardwitheff_5e361189	820
sa.yml	starttheme_startgame_called__9cf42cbe	821
sa.yml	text_7567bb35	823
sa.yml	text_7a04254b	824
sa.yml	text_e8d4013d	825
sa.yml	text_e42912c7	826
sa.yml	text_c89dea57	827
sv.yml	backup_cfe9e6cf	635
sv.yml	treasure_shop_4b968fbd	636
sv.yml	text_e096c9a4	637
sv.yml	inventoryclickevent_fired_8520aa1c	638
sv.yml	items_current_0629a198	639
sv.yml	cursor_7fabae3f	640
sv.yml	return_whoclicked_is_not_pla_a7675648	641
sv.yml	return_topinventory_is_not_m_9936e6de	642
sv.yml	return_not_result_slot_expec_9eb8c2c8	643
sv.yml	shift_53e51de9	644
sv.yml	return_topinventory_is_merch_fa2f5d98	645
sv.yml	merchant_view_title_daf2a73a	646
sv.yml	treasure_shop_2574a694	647
sv.yml	return_not_treasure_shop_tit_8e65ad3d	648
sv.yml	return_current_item_is_null_0f27c9fd	649
sv.yml	return_current_item_is_air_76b5e623	650
sv.yml	return_current_item_is_not_g_d1d65218	651
sv.yml	return_game_is_not_running_048d7edb	652
sv.yml	ingredients_snapshot_98cb38c3	653
sv.yml	return_ingredient_check_fail_673860d5	654
sv.yml	ok_passed_all_checks_schedul_11e17905	655
sv.yml	run_runtasklater_executed_96d7e049	656
sv.yml	return_later_game_is_not_run_9cc569aa	657
sv.yml	return_later_player_is_offli_863a8cdc	658
sv.yml	return_later_openinventory_t_7b809b57	659
sv.yml	return_later_topinventory_is_f8714cf5	660
sv.yml	return_later_not_treasure_sh_fcce2bb9	662
sv.yml	ok_later_playing_effects_now_b80a2e0e	663
sv.yml	k_llun_r_dj_pinu_16494877	664
sv.yml	trade_complete_4a4b1d6f	665
sv.yml	a_hidden_power_awakens_7620bc4d	666
sv.yml	mobcontrol_wolf_allowed_cust_a5459084	667
sv.yml	rainbow_wolf_b3cc6257	668
sv.yml	mobcontrol_wolf_allowed_name_9cc5a59a	669
sv.yml	mobcontrol_wolf_cancelled_re_1a3b2e1a	670
sv.yml	stagemobcontrollistener_refl_08ad690a	671
sv.yml	stagemobcontrollistener_refl_d8a61972	672
sv.yml	mysql_connection_established_47452dfd	673
sv.yml	failed_to_connect_to_mysql_95e4d50a	674
sv.yml	create_table_if_not_exists_p_136a7833	675
sv.yml	player_name_varchar_50_prima_79b8331b	676
sv.yml	count_int_not_null_660eadd8	677
sv.yml	failed_to_create_table_68199f98	678
sv.yml	reset_treasure_count_for_pla_96b152d2	679
sv.yml	dj_onalltreasurescollected_a871afdd	680
sv.yml	on_duplicate_key_update_coun_a1543779	681
sv.yml	failed_to_save_treasure_coun_9d94c0cc	682
sv.yml	dj_triggerultimatedjevent_eb01ecae	683
sv.yml	treasure_complete_8360fbe9	684
sv.yml	text_cc353737	685
sv.yml	congratulations_38fd1594	686
sv.yml	time_s_up_c5b3ef74	687
sv.yml	treasures_collected_ca7eab31	688
sv.yml	try_a_different_route_next_t_721a4d8b	689
sv.yml	treasurerun_favorites_templa_a0a4bf2e	749
sv.yml	mysql_repository_not_ready_72df0af1	750
sv.yml	favorite_saved_sneak_rightcl_7a73eb4f	751
sv.yml	where_player_uuid_and_quote__36106f85	753
sv.yml	player_uuid_quote_hash_outco_49f06b31	755
sv.yml	values_643f4d2f	756
sv.yml	where_player_uuid_and_quote__81bcaee5	758
sv.yml	where_player_uuid_and_id_f4a80773	760
sv.yml	where_player_uuid_53558ea9	762
sv.yml	order_by_created_at_desc_lim_f22988c0	763
sv.yml	where_player_uuid_ef617232	765
sv.yml	treasurerun_favorites_0c778ce1	767
sv.yml	no_text_b87d9ee6	768
sv.yml	text_2bf42ec8	770
sv.yml	3_3d5021f7	772
sv.yml	text_e096c9a4	773
sv.yml	3_71b78a44	774
sv.yml	text_3030fd61	775
sv.yml	op_10caf0f6	776
sv.yml	debug_mode_is_off_config_yml_b3d27428	777
sv.yml	1_3_rank_1_2_3_7f459bd0	780
sv.yml	db_e5d54fbd	781
sv.yml	debug_rank_3f69f429	782
sv.yml	text_bed3daf7	783
sv.yml	treasurerun_bcef4fe9	784
sv.yml	text_287fa0f1	785
sv.yml	text_44a99db9	786
sv.yml	text_fd02f248	787
sv.yml	text_f166cc04	788
sv.yml	text_2281b097	789
sv.yml	mysql_repository_not_ready_72df0af1	790
sv.yml	success_normal_en_the_obstac_b627a544	798
sv.yml	time_up_bc0cd646	801
sv.yml	istreasureemerald_fb6fecec	803
sv.yml	chestsound_start_called_16th_e2a7414b	804
sv.yml	chestsound_chests_0_82465b3c	805
sv.yml	chestsound_d_1fm_s_t_2f_step_6e3e0fdb	806
sv.yml	chestsound_nearest_1fm_s_t_2_e2465135	807
sv.yml	reward_giverankrewardwitheff_5e361189	808
sv.yml	starttheme_startgame_called__9cf42cbe	809
sv.yml	text_7567bb35	811
sv.yml	text_7a04254b	812
sv.yml	text_e8d4013d	813
sv.yml	text_e42912c7	814
sv.yml	text_c89dea57	815
zh_tw.yml	playerscore_b91d4cd3	718
zh_tw.yml	translation_missing_77031543	720
zh_tw.yml	treasurerun_lang_config_yml__2dde4625	722
zh_tw.yml	treasurerun_lang_default_60887a83	724
zh_tw.yml	treasurerun_lang_material_la_bc70a401	727
zh_tw.yml	treasurerun_lang_language_ic_4bc2362d	728
zh_tw.yml	enemydown_mysql_jdbc_mybatis_6b5c6f68	731
zh_tw.yml	enemydown_mysql_6cf3e29b	732
zh_tw.yml	enemydown_mysql_a18990c3	733
zh_tw.yml	enemydown_mysql_e097a73e	734
zh_tw.yml	mysqlmanager_player_score_d92afff4	735
zh_tw.yml	mysqlmanager_player_score_21665c62	736
zh_tw.yml	mysqlmanager_mysql_951100b9	737
zh_tw.yml	mysqlmanager_player_score_a4968d00	738
zh_tw.yml	mysqlmanager_mysql_1763d390	739
zh_tw.yml	mysqlmanager_player_score_2b5c8721	740
zh_tw.yml	enemydown_mysql_bc514e56	741
zh_tw.yml	enemydown_mysql_93b23ef9	742
zh_tw.yml	playerlanguagestore_failed_t_c4999402	745
zh_tw.yml	playerlanguagestore_failed_t_b6478ec8	746
zh_tw.yml	proverb_logged_to_mysql_prov_c13b5e4e	747
zh_tw.yml	failed_to_log_proverb_to_mys_2bb4c5c3	748
zh_tw.yml	loaded_proverb_logs_from_mys_b5b0f8e0	749
zh_tw.yml	failed_to_load_proverb_logs__6246be38	750
zh_tw.yml	treasurerunmultichestplugin_4499e25c	751
zh_tw.yml	treasurerun_gamestagemanager_3d9e7f5a	752
zh_tw.yml	treasurerunmultichestplugin_a507471a	753
zh_tw.yml	treasurerunmultichestplugin_c2111711	754
zh_tw.yml	text_4f7e7cfa	755
zh_tw.yml	text_1a6173d3	756
zh_tw.yml	text_b6568a8d	757
zh_tw.yml	no_9c0fdee6	758
zh_tw.yml	text_9310a1a7	760
zh_tw.yml	text_f9c4c4e2	763
zh_tw.yml	text_ec39d8ad	766
zh_tw.yml	text_d6e25e00	767
zh_tw.yml	text_b2c59e95	768
zh_tw.yml	text_c148686b	769
zh_tw.yml	text_307fcc19	770
zh_tw.yml	starting_in_2413fc14	771
zh_tw.yml	easy_normal_hard_ef1ba55c	772
zh_tw.yml	config_yml_3c6e9d15	774
zh_tw.yml	treasurerun_config_language__763cf02c	775
zh_tw.yml	gui_gamestart_5870f221	776
zh_tw.yml	text_3ecbc53d	777
zh_tw.yml	text_3030fd61	778
zh_tw.yml	reload_gameend_c41d5c55	779
